Date,Open,High,Low,Close,Adj Close,Volume,,Date,Open,High,Low,Close,Adj Close,Volume,,,NAS,KOS
5/8/2017,638.359985,643.390015,638.090027,643.390015,643.390015,550900,,5/8/2017,6100.660156,6106.120117,6083.060059,6102.660156,6102.660156,1909710000,,,2,15
5/10/2017,645.700012,645.700012,641.539978,642.679993,642.679993,768700,,5/10/2017,6121.640137,6131.640137,6103.870117,6129.140137,6129.140137,2108000000,,,20,39
5/11/2017,644.440002,647.580017,643.349976,647.580017,647.580017,731400,,5/11/2017,6110.049805,6120.200195,6075.680176,6115.959961,6115.959961,1950910000,,,68,81
5/12/2017,648.559998,648.559998,642.960022,643.72998,643.72998,762400,,5/12/2017,6119.27002,6122.839844,6105.419922,6121.22998,6121.22998,1740960000,,,94,131
5/15/2017,644.590027,646.309998,642.789978,645.380005,645.380005,699800,,5/15/2017,6128.109863,6153.040039,6124.790039,6149.669922,6149.669922,1850790000,,,99-104,163
5/16/2017,646.5,646.5,638.429993,639.109985,639.109985,723800,,5/16/2017,6160.52002,6170.160156,6139.100098,6169.870117,6169.870117,1999330000,,,149,185
5/17/2017,640.869995,641.47998,638.929993,640.01001,640.01001,624400,,5/17/2017,6108.620117,6122.870117,6009.47998,6011.240234,6011.240234,2347480000,,,154,212
5/18/2017,633.400024,638.159973,633.140015,638.119995,638.119995,785400,,5/18/2017,5998.459961,6073.450195,5996.810059,6055.129883,6055.129883,2131520000,,,185,
5/19/2017,640.330017,643.059998,639.169983,642.450012,642.450012,726600,,5/19/2017,6070.22998,6106.549805,6070.22998,6083.700195,6083.700195,1905520000,,,186,
5/22/2017,645.039978,645.159973,641.599976,642.619995,642.619995,753200,,5/22/2017,6098.25,6135.919922,6097.240234,6133.620117,6133.620117,1726230000,,,192,
5/23/2017,644.590027,645.440002,644,644.72998,644.72998,800700,,5/23/2017,6149.549805,6150.910156,6121.790039,6138.709961,6138.709961,1705860000,,,233,
5/24/2017,646.440002,648.049988,645.030029,646.039978,646.039978,844300,,5/24/2017,6154.180176,6166.089844,6139.330078,6163.02002,6163.02002,1666050000,,,,
5/25/2017,648.25,648.289978,642.869995,643.02002,643.02002,766900,,5/25/2017,6183.02002,6217.339844,6174.52002,6205.259766,6205.259766,1767690000,,,,
5/26/2017,644.969971,646.450012,644.299988,646.01001,646.01001,656900,,5/26/2017,6207.040039,6211.52002,6196.660156,6210.189941,6210.189941,1571040000,,,,
5/30/2017,645.090027,649.090027,644.340027,649.059998,649.059998,599200,,5/30/2017,6204.180176,6217.129883,6200.410156,6203.189941,6203.189941,1688480000,,,,
5/31/2017,650.51001,652.52002,649.51001,652.039978,652.039978,664000,,5/31/2017,6221.629883,6221.990234,6164.069824,6198.52002,6198.52002,2209400000,,,,
6/1/2017,653.570007,654.22998,651.099976,653.830017,653.830017,670500,,6/1/2017,6215.910156,6247.069824,6200.450195,6246.830078,6246.830078,1943610000,,,,
6/2/2017,656.429993,658.820007,655.820007,658.780029,658.780029,638000,,6/2/2017,6261.589844,6308.759766,6253.77002,6305.799805,6305.799805,1820000000,,,,
6/5/2017,660.77002,662.369995,659.76001,662.320007,662.320007,583300,,6/5/2017,6305.470215,6310.620117,6292.149902,6295.680176,6295.680176,1739820000,,,,
6/7/2017,664.070007,666.580017,661.099976,666.460022,666.460022,790900,,6/7/2017,6290.439941,6302.779785,6267.180176,6297.379883,6297.379883,1822270000,,,,
6/8/2017,668.25,670.049988,667,669.969971,669.969971,672800,,6/8/2017,6311.72998,6324.060059,6282.930176,6321.759766,6321.759766,2128780000,,,,
6/9/2017,672.140015,674.150024,671.200012,674.150024,674.150024,623300,,6/9/2017,6330.25,6341.700195,6137.680176,6207.919922,6207.919922,3152050000,,,,
6/12/2017,672.090027,672.119995,664.119995,664.859985,664.859985,579500,,6/12/2017,6153.560059,6183.810059,6110.669922,6175.459961,6175.459961,2586540000,,,,
6/13/2017,666.070007,669.26001,666.070007,669.22998,669.22998,626900,,6/13/2017,6206.120117,6226.410156,6180.040039,6220.370117,6220.370117,2062110000,,,,
6/14/2017,673.02002,674.359985,670.26001,671.590027,671.590027,645500,,6/14/2017,6237.459961,6237.529785,6153.549805,6194.890137,6194.890137,1940440000,,,,
6/15/2017,672.969971,673.099976,664.98999,669.820007,669.820007,672700,,6/15/2017,6127.049805,6170.149902,6107.850098,6165.5,6165.5,1858130000,,,,
6/16/2017,670.77002,670.820007,667.72998,670.700012,670.700012,608300,,6/16/2017,6154.279785,6161.560059,6125.5,6151.759766,6151.759766,3120640000,,,,
6/19/2017,672.719971,675.710022,672.25,675.440002,675.440002,580100,,6/19/2017,6196.850098,6243.310059,6194,6239.009766,6239.009766,1976970000,,,,
6/20/2017,678.719971,678.820007,669.409973,669.409973,669.409973,734000,,6/20/2017,6229.620117,6234.009766,6186.939941,6188.029785,6188.029785,2570130000,,,,
6/21/2017,668.409973,668.440002,662.679993,665.77002,665.77002,616000,,6/21/2017,6202.75,6236.660156,6200.859863,6233.950195,6233.950195,2401440000,,,,
6/22/2017,667.98999,668.359985,663.26001,663.280029,663.280029,700700,,6/22/2017,6239.149902,6257.680176,6221.959961,6236.689941,6236.689941,2170250000,,,,
6/23/2017,665.190002,669.049988,665.02002,668.929993,668.929993,560300,,6/23/2017,6234.350098,6269.370117,6218.779785,6265.25,6265.25,4158700000,,,,
6/26/2017,670.590027,670.780029,667.710022,668.359985,668.359985,586200,,6/26/2017,6292.72998,6303.450195,6233.430176,6247.149902,6247.149902,2150630000,,,,
6/27/2017,671.700012,673.130005,670.869995,672.630005,672.630005,639700,,6/27/2017,6227.899902,6234.319824,6146.620117,6146.620117,6146.620117,2181830000,,,,
6/28/2017,671.26001,672.359985,665.890015,665.890015,665.890015,601800,,6/28/2017,6173.100098,6238.290039,6144.799805,6234.410156,6234.410156,2069400000,,,,
6/29/2017,670.099976,670.559998,666,668,668,515400,,6/29/2017,6215.490234,6216.600098,6087.810059,6144.350098,6144.350098,2402250000,,,,
6/30/2017,665.669983,669.119995,665.570007,669.039978,669.039978,511600,,6/30/2017,6166.839844,6170.629883,6129.040039,6140.419922,6140.419922,1998330000,,,,
7/3/2017,671.169983,671.169983,660.039978,660.969971,660.969971,560800,,7/3/2017,6173.290039,6177.359863,6106.120117,6110.060059,6110.060059,1099560000,,,,
7/5/2017,657.700012,661.580017,657.690002,661.539978,661.539978,565100,,7/5/2017,6122.060059,6163.620117,6100.419922,6150.859863,6150.859863,1872130000,,,,
7/6/2017,663.789978,665.049988,662.669983,663.789978,663.789978,555500,,7/6/2017,6109.600098,6127.97998,6081.959961,6089.459961,6089.459961,1990590000,,,,
7/7/2017,662.659973,664.289978,660.98999,663.77002,663.77002,551500,,7/7/2017,6111.209961,6164.939941,6111.209961,6153.080078,6153.080078,1700630000,,,,
7/10/2017,666.190002,666.190002,657.669983,657.859985,657.859985,512900,,7/10/2017,6156.029785,6191.27002,6141.830078,6176.390137,6176.390137,1675470000,,,,
7/11/2017,659.27002,659.909973,654.5,656.01001,656.01001,542000,,7/11/2017,6171.25,6200.580078,6149.870117,6193.299805,6193.299805,1808110000,,,,
7/12/2017,657.059998,657.900024,651.090027,651.099976,651.099976,586100,,7/12/2017,6238.899902,6265.640137,6236.819824,6261.169922,6261.169922,1820550000,,,,
7/13/2017,654.01001,655.159973,651.599976,652.690002,652.690002,490900,,7/13/2017,6269.100098,6281.450195,6251.259766,6274.439941,6274.439941,1803810000,,,,
7/14/2017,654.23999,655.450012,651.27002,654.109985,654.109985,533500,,7/14/2017,6289.080078,6321.759766,6278.700195,6312.470215,6312.470215,1608120000,,,,
7/17/2017,656.969971,659.890015,656.969971,659.890015,659.890015,415400,,7/17/2017,6320.350098,6330.970215,6307.339844,6314.430176,6314.430176,1558030000,,,,
7/18/2017,661.159973,664.039978,661.159973,664.02002,664.02002,570300,,7/18/2017,6304.819824,6344.549805,6291.069824,6344.310059,6344.310059,1762400000,,,,
7/19/2017,666.299988,671.530029,666.299988,671.530029,671.530029,500900,,7/19/2017,6363.240234,6387.72998,6362.189941,6385.040039,6385.040039,1862910000,,,,
7/20/2017,674.059998,677.590027,672.369995,676.51001,676.51001,569900,,7/20/2017,6396.459961,6398.259766,6365.680176,6390,6390,1818880000,,,,
7/21/2017,677.840027,678.150024,674.599976,676.599976,676.599976,523700,,7/21/2017,6383.049805,6388.779785,6365.120117,6387.75,6387.75,1797100000,,,,
7/24/2017,678.590027,679.460022,676.630005,677.320007,677.320007,529200,,7/24/2017,6387.819824,6417.700195,6380.609863,6410.810059,6410.810059,1735520000,,,,
7/25/2017,678.700012,679.47998,670.099976,670.469971,670.469971,677800,,7/25/2017,6407.589844,6425.450195,6396.870117,6412.169922,6412.169922,1925230000,,,,
7/26/2017,672.429993,672.630005,664.130005,667.219971,667.219971,593900,,7/26/2017,6425.930176,6432.379883,6416.299805,6422.75,6422.75,1988040000,,,,
7/27/2017,669.219971,670.599976,664.530029,666.47998,666.47998,527900,,7/27/2017,6459.759766,6460.839844,6318.620117,6382.189941,6382.189941,2483560000,,,,
7/28/2017,665.080017,665.080017,651.840027,652.950012,652.950012,559700,,7/28/2017,6350.27002,6379.700195,6337.220215,6374.680176,6374.680176,1860770000,,,,
7/31/2017,648.840027,651.830017,643.77002,650.469971,650.469971,504700,,7/31/2017,6394.689941,6396.589844,6338.790039,6348.120117,6348.120117,1891710000,,,,
8/1/2017,650.890015,655.070007,649.700012,653.119995,653.119995,487800,,8/1/2017,6372.160156,6375.75,6345.75,6362.939941,6362.939941,1812590000,,,,
8/2/2017,654.849976,658.280029,654.830017,657.52002,657.52002,494700,,8/2/2017,6393.100098,6394.209961,6313.430176,6362.649902,6362.649902,2104130000,,,,
8/3/2017,658.700012,658.940002,641.630005,643.090027,643.090027,528200,,8/3/2017,6366.240234,6368.529785,6331.140137,6340.339844,6340.339844,2113440000,,,,
8/4/2017,644.799988,648.340027,638.869995,641.580017,641.580017,459100,,8/4/2017,6350.790039,6361.490234,6329.72998,6351.560059,6351.560059,1907170000,,,,
8/7/2017,643.359985,650.01001,642.820007,648.390015,648.390015,455700,,8/7/2017,6361.060059,6386.029785,6356.22998,6383.77002,6383.77002,1701550000,,,,
8/8/2017,650.780029,651.909973,645.72998,651.669983,651.669983,607600,,8/8/2017,6373.330078,6423.350098,6355.879883,6370.459961,6370.459961,1914670000,,,,
8/9/2017,649.390015,650.090027,642.869995,642.869995,642.869995,849000,,8/9/2017,6322.919922,6355.040039,6309.439941,6352.330078,6352.330078,2033760000,,,,
8/10/2017,642.799988,646.559998,635.059998,640.039978,640.039978,770400,,8/10/2017,6312.649902,6318.279785,6214.410156,6216.870117,6216.870117,2204700000,,,,
8/11/2017,629.809998,635.289978,626.080017,628.340027,628.340027,606400,,8/11/2017,6222.180176,6266.890137,6216.189941,6256.560059,6256.560059,1794850000,,,,
8/14/2017,632.52002,633.98999,629.26001,629.369995,629.369995,548300,,8/14/2017,6306.109863,6346.830078,6305.549805,6340.22998,6340.22998,1698560000,,,,
8/16/2017,634.440002,635.969971,634.099976,634.909973,634.909973,607400,,8/16/2017,6348.109863,6374.560059,6330.27002,6345.109863,6345.109863,1804730000,,,,
8/17/2017,638.119995,642.280029,635.73999,642.109985,642.109985,531900,,8/17/2017,6322.720215,6334.22998,6221.910156,6221.910156,6221.910156,2041220000,,,,
8/18/2017,636.940002,643.859985,636.440002,643.580017,643.580017,528500,,8/18/2017,6222.459961,6254.220215,6193.379883,6216.529785,6216.529785,1964590000,,,,
8/21/2017,645.349976,645.349976,640.840027,640.849976,640.849976,585900,,8/21/2017,6216.319824,6226.930176,6177.189941,6213.129883,6213.129883,1576070000,,,,
8/22/2017,643.26001,644.380005,642.640015,644.26001,644.26001,649800,,8/22/2017,6241.209961,6302.839844,6241.209961,6297.47998,6297.47998,1597700000,,,,
8/23/2017,647.789978,647.789978,643.650024,643.710022,643.710022,559500,,8/23/2017,6263.470215,6291.299805,6263.290039,6278.410156,6278.410156,1533220000,,,,
8/24/2017,645.099976,647.98999,644.97998,647.710022,647.710022,500100,,8/24/2017,6294.819824,6302.850098,6244.569824,6271.330078,6271.330078,1616780000,,,,
8/25/2017,649.219971,650.76001,648.440002,650.27002,650.27002,585000,,8/25/2017,6293.810059,6308.720215,6257.100098,6265.640137,6265.640137,1442900000,,,,
8/28/2017,652.369995,652.940002,649.539978,652.919983,652.919983,513800,,8/28/2017,6286.009766,6292.259766,6267.850098,6283.02002,6283.02002,1558690000,,,,
8/29/2017,650.280029,654.02002,647.130005,653.960022,653.960022,572900,,8/29/2017,6228.899902,6311.259766,6228.72998,6301.890137,6301.890137,1637640000,,,,
8/30/2017,656.900024,657.429993,654.48999,655,655,639500,,8/30/2017,6308.680176,6374.470215,6303.569824,6368.310059,6368.310059,1712070000,,,,
8/31/2017,657.130005,658.030029,655.640015,657.830017,657.830017,616000,,8/31/2017,6385.799805,6435.27002,6383.580078,6428.660156,6428.660156,1885710000,,,,
9/1/2017,660.710022,662.390015,658.650024,661.98999,661.98999,566100,,9/1/2017,6442.169922,6449.649902,6417.870117,6435.330078,6435.330078,1488040000,,,,
9/5/2017,655.400024,656.219971,645.969971,648.75,648.75,621100,,9/5/2017,6414.819824,6426.509766,6334.589844,6375.569824,6375.569824,1886950000,,,,
9/6/2017,649.22998,653.440002,649.22998,652.590027,652.590027,568500,,9/6/2017,6394.350098,6407.399902,6356.200195,6393.310059,6393.310059,1906030000,,,,
9/7/2017,655.440002,659.119995,655.359985,658.47998,658.47998,499900,,9/7/2017,6402.939941,6413.069824,6379.810059,6397.870117,6397.870117,1998380000,,,,
9/8/2017,659.830017,660.630005,653.340027,654.289978,654.289978,646300,,9/8/2017,6389.649902,6391.410156,6354.959961,6360.189941,6360.189941,1785560000,,,,
9/11/2017,657.679993,659.469971,654.919983,656.530029,656.530029,578300,,9/11/2017,6411.180176,6439.109863,6410.709961,6432.259766,6432.259766,1819300000,,,,
9/12/2017,660.030029,660.559998,658.049988,660.049988,660.049988,652300,,9/12/2017,6448.810059,6455.029785,6429.540039,6454.279785,6454.279785,1745090000,,,,
9/13/2017,662.940002,662.940002,658.539978,659.090027,659.090027,672500,,9/13/2017,6440.720215,6460.419922,6433.200195,6460.189941,6460.189941,1942090000,,,,
9/14/2017,660.150024,665.469971,659.25,665.409973,665.409973,627100,,9/14/2017,6439.459961,6455.319824,6424.040039,6429.080078,6429.080078,1809170000,,,,
9/15/2017,662.900024,671.309998,662.900024,671.299988,671.299988,645600,,9/15/2017,6426.160156,6464.27002,6419.649902,6448.470215,6448.470215,2821110000,,,,
9/18/2017,674.659973,677.140015,672.580017,675.869995,675.869995,585800,,9/18/2017,6460.100098,6477.77002,6438.410156,6454.640137,6454.640137,1874440000,,,,
9/19/2017,677.570007,677.969971,670.070007,674.47998,674.47998,659300,,9/19/2017,6465.569824,6467.790039,6446.75,6461.319824,6461.319824,1809710000,,,,
9/20/2017,676.599976,677.289978,668.049988,668.049988,668.049988,688100,,9/20/2017,6459.740234,6466.049805,6414.22998,6456.040039,6456.040039,2052520000,,,,
9/21/2017,671.320007,672.599976,658.640015,661.109985,661.109985,699800,,9/21/2017,6448.569824,6448.569824,6405.299805,6422.689941,6422.689941,1772790000,,,,
9/25/2017,649.109985,653.049988,638.919983,642.039978,642.039978,900600,x,9/25/2017,6403.109863,6408.049805,6343.959961,6370.589844,6370.589844,2050410000,,,,
9/26/2017,638.580017,645.72998,637.359985,642.400024,642.400024,820400,,9/26/2017,6391.850098,6405,6364.569824,6380.160156,6380.160156,1926420000,,,,
9/27/2017,645.02002,650.710022,644.559998,649.23999,649.23999,646000,,9/27/2017,6414.370117,6472.649902,6405.359863,6453.259766,6453.259766,2053720000,,,,
9/28/2017,651.919983,653.380005,648.090027,648.090027,648.090027,583400,,9/28/2017,6437.959961,6456.22998,6427.660156,6453.450195,6453.450195,1828570000,,,,
9/29/2017,650.320007,653.580017,648.679993,652.820007,652.820007,692300,,9/29/2017,6461.279785,6497.97998,6454.859863,6495.959961,6495.959961,1967720000,,,,
10/10/2017,658.76001,659.51001,653.909973,654.590027,654.590027,554200,x,10/10/2017,6602.490234,6608.299805,6561.779785,6587.25,6587.25,1799400000,,,,
10/11/2017,656.849976,662.309998,656.76001,662.309998,662.309998,558400,,10/11/2017,6586.72998,6604.209961,6577.990234,6603.549805,6603.549805,1830360000,,,,
10/12/2017,665.119995,666.73999,663.369995,666.539978,666.539978,561100,,10/12/2017,6594.759766,6613.5,6586.319824,6591.509766,6591.509766,2000470000,,,,
10/13/2017,669,672.780029,659.099976,663.080017,663.080017,616600,,10/13/2017,6613.209961,6616.580078,6602.200195,6605.799805,6605.799805,1756150000,,,,
10/16/2017,667.26001,668.5,652.169983,659.409973,659.409973,554300,,10/16/2017,6622.549805,6632.5,6607.029785,6624,6624,1629480000,,,,
10/17/2017,660.609985,671.950012,660.330017,670.51001,670.51001,700000,,10/17/2017,6621.419922,6628.600098,6613.209961,6623.660156,6623.660156,1647240000,,,,
10/18/2017,677.419983,679.5,667.309998,668.419983,668.419983,713700,,10/18/2017,6634.259766,6635.52002,6613.549805,6624.220215,6624.220215,1734030000,,,,
10/19/2017,671.219971,671.390015,664.190002,667.099976,667.099976,710600,,10/19/2017,6583.700195,6605.290039,6558.529785,6605.069824,6605.069824,1823860000,,,,
10/20/2017,669.059998,672.950012,667.169983,672.950012,672.950012,659100,,10/20/2017,6633.370117,6640.029785,6622.919922,6629.049805,6629.049805,1794810000,,,,
10/23/2017,674.97998,677.690002,674.640015,675.859985,675.859985,500000,,10/23/2017,6641.569824,6641.569824,6581.149902,6586.830078,6586.830078,1809320000,,,,
10/24/2017,678.549988,687.450012,678.340027,687.210022,687.210022,583200,,10/24/2017,6598.609863,6611.899902,6582.060059,6598.430176,6598.430176,1842640000,,,,
10/25/2017,688.830017,690.299988,684.840027,689.140015,689.140015,622300,,10/25/2017,6587.220215,6600.640137,6517.930176,6563.890137,6563.890137,2190720000,,,,
10/26/2017,689.940002,690.530029,680.609985,680.609985,680.609985,600300,,10/26/2017,6567.589844,6582.759766,6550.029785,6556.77002,6556.77002,2108210000,,,,
10/27/2017,685.200012,689.969971,682.900024,689.969971,689.969971,537100,,10/27/2017,6635.029785,6708.129883,6625.779785,6701.259766,6701.259766,2403600000,,,,
10/30/2017,692.76001,693.119995,688.409973,689.679993,689.679993,470700,,10/30/2017,6693.77002,6727.390137,6677.149902,6698.959961,6698.959961,2013640000,,,,
10/31/2017,691.070007,694.22998,689.289978,694.200012,694.200012,627100,,10/31/2017,6713.709961,6737.75,6705.790039,6727.669922,6727.669922,2043890000,,,,
11/1/2017,696.650024,696.929993,694.27002,695.77002,695.77002,630600,,11/1/2017,6758.640137,6759.660156,6691.47998,6716.529785,6716.529785,2056860000,,,,
11/2/2017,698.140015,698.909973,691.52002,694.960022,694.960022,608900,,11/2/2017,6709.390137,6719.970215,6677.549805,6714.939941,6714.939941,2262940000,,,,
11/3/2017,697.429993,701.130005,695.880005,701.130005,701.130005,661000,,11/3/2017,6737.089844,6765.140137,6712.930176,6764.439941,6764.439941,2195010000,,,,
11/6/2017,703.200012,704.159973,699.75,703.789978,703.789978,595300,,11/6/2017,6763.299805,6790.669922,6763.169922,6786.439941,6786.439941,2166470000,,,,
11/7/2017,704.830017,704.830017,697.440002,701.140015,701.140015,649900,,11/7/2017,6785.439941,6795.52002,6750.350098,6767.779785,6767.779785,2205270000,,,,
11/8/2017,702.690002,709.109985,701.52002,709.109985,709.109985,812400,,11/8/2017,6764.850098,6791.649902,6753.339844,6789.120117,6789.120117,2110990000,,,,
11/9/2017,710.710022,711.780029,705.280029,709.940002,709.940002,614800,,11/9/2017,6737.450195,6758.930176,6687.279785,6750.049805,6750.049805,2235180000,,,,
11/10/2017,709.849976,720.789978,709.549988,720.789978,720.789978,599900,,11/10/2017,6736.390137,6757.339844,6727.350098,6750.939941,6750.939941,1973970000,,,,
11/13/2017,724.76001,741.380005,724.76001,741.380005,741.380005,687100,,11/13/2017,6727.390137,6766.299805,6723.430176,6757.600098,6757.600098,1973790000,,,,
11/14/2017,746.880005,756.460022,742.789978,756.460022,756.460022,837100,,11/14/2017,6733.870117,6743.629883,6709.27002,6737.870117,6737.870117,1983830000,,,,
11/15/2017,759.549988,773.049988,755.059998,768.030029,768.030029,944900,,11/15/2017,6700.680176,6725.319824,6667.310059,6706.209961,6706.209961,1908660000,,,,
11/16/2017,775.460022,780.219971,759.700012,780.219971,780.219971,897400,,11/16/2017,6742.339844,6806.669922,6742.339844,6793.290039,6793.290039,2002920000,,,,
11/17/2017,776.320007,779.570007,770.549988,775.849976,775.849976,767800,,11/17/2017,6794.450195,6797.75,6777.430176,6782.790039,6782.790039,1988090000,,,,
11/20/2017,776.73999,785.320007,776.309998,785.320007,785.320007,834800,,11/20/2017,6789.279785,6795.830078,6779.490234,6790.709961,6790.709961,1800880000,,,,
11/21/2017,790.349976,793.599976,782.950012,789.380005,789.380005,809300,,11/21/2017,6820.549805,6862.660156,6820.02002,6862.47998,6862.47998,1883550000,,,,
11/22/2017,793.789978,796.280029,779.200012,780.900024,780.900024,894400,,11/22/2017,6869.529785,6874.52002,6859.279785,6867.359863,6867.359863,1588200000,,,,
11/24/2017,797.969971,803.73999,792.73999,792.73999,792.73999,751800,x,11/24/2017,6878.109863,6890.02002,6873.740234,6889.160156,6889.160156,848520000,,,,
11/27/2017,793.809998,800.039978,783.849976,792.799988,792.799988,735800,,11/27/2017,6889.910156,6897.430176,6867.890137,6878.52002,6878.52002,1773400000,,,,
11/28/2017,797.289978,797.530029,773.099976,773.119995,773.119995,891400,,11/28/2017,6893.720215,6914.189941,6866.209961,6912.359863,6912.359863,2000410000,,,,
11/29/2017,776.75,783.190002,770.969971,781.719971,781.719971,754800,,11/29/2017,6907.279785,6908.330078,6793.950195,6824.390137,6824.390137,2452860000,,,,
11/30/2017,779.840027,782.419983,769.789978,771.419983,771.419983,1053600,,11/30/2017,6852.799805,6888.649902,6838.47998,6873.970215,6873.970215,2458580000,,,,
12/1/2017,779.539978,788.150024,776.710022,787.700012,787.700012,883800,,12/1/2017,6844.040039,6872.169922,6737.160156,6847.589844,6847.589844,2293570000,,,,
12/4/2017,788.02002,788.460022,778.200012,782.450012,782.450012,821400,,12/4/2017,6897.129883,6899.22998,6770.689941,6775.370117,6775.370117,2426570000,,,,
12/5/2017,782.140015,783.609985,773.799988,774.119995,774.119995,860300,,12/5/2017,6759.140137,6836.450195,6752.319824,6762.209961,6762.209961,2083540000,,,,
12/6/2017,778.280029,783.539978,765.25,768.390015,768.390015,970300,,12/6/2017,6742.069824,6787.419922,6734.129883,6776.379883,6776.379883,1891850000,,,,
12/7/2017,771.469971,773.280029,744.340027,753.460022,753.460022,1470900,,12/7/2017,6785.740234,6829.290039,6778.200195,6812.839844,6812.839844,1934120000,,,,
12/8/2017,757.210022,760.72998,743.900024,744.059998,744.059998,1159200,,12/8/2017,6859.950195,6870.47998,6831.609863,6840.080078,6840.080078,1806040000,,,,
12/11/2017,747.98999,764.090027,745.880005,764.090027,764.090027,790700,,12/11/2017,6847.640137,6879.799805,6844.879883,6875.080078,6875.080078,1818970000,,,,
12/12/2017,768.299988,769.140015,755.030029,760.400024,760.400024,1018800,,12/12/2017,6872.709961,6884.799805,6856.299805,6862.319824,6862.319824,1861560000,,,,
12/13/2017,764.330017,773.02002,763.169983,772.219971,772.219971,1143800,,12/13/2017,6880.410156,6897.620117,6871.870117,6875.799805,6875.799805,1919560000,,,,
12/14/2017,777.25,777.440002,764.73999,770.349976,770.349976,985000,,12/14/2017,6887.379883,6901.129883,6851.629883,6856.529785,6856.529785,1985200000,,,,
12/15/2017,770.27002,775.039978,766.450012,771.820007,771.820007,1047400,,12/15/2017,6871.549805,6945.819824,6871.450195,6936.580078,6936.580078,3510420000,,,,
12/18/2017,776.090027,777.400024,770.5,770.5,770.5,1131000,,12/18/2017,6980.399902,7003.890137,6975.540039,6994.759766,6994.759766,2144360000,,,,
12/19/2017,769.869995,771.01001,754.27002,766.179993,766.179993,1692200,,12/19/2017,6991.25,6995.879883,6951.490234,6963.850098,6963.850098,2071060000,,,,
12/21/2017,754.539978,759.130005,740.309998,740.320007,740.320007,1208900,x,12/21/2017,6972.879883,6992.629883,6961.209961,6965.359863,6965.359863,1815620000,,,,
12/22/2017,742.150024,761.200012,740.049988,761.200012,761.200012,1083300,,12/22/2017,6958.02002,6962.259766,6944.450195,6959.959961,6959.959961,1539250000,,,,
12/26/2017,763.960022,775.539978,762.210022,762.210022,762.210022,808300,,12/26/2017,6928.919922,6942.140137,6915.560059,6936.25,6936.25,1304340000,,,,
12/27/2017,771.330017,791.950012,770.950012,791.950012,791.950012,829600,,12/27/2017,6941.450195,6955.379883,6931.339844,6939.339844,6939.339844,1409540000,,,,
12/28/2017,791.76001,798.679993,790.340027,798.419983,798.419983,1066200,,12/28/2017,6953.379883,6954.799805,6936.75,6950.160156,6950.160156,1311320000,,,,
1/2/2018,803.630005,813.400024,800.539978,812.450012,812.450012,989200,x,1/2/2018,6937.649902,7006.910156,6924.080078,7006.899902,7006.899902,1914930000,,,,
1/3/2018,816.299988,824.179993,812.219971,822.309998,822.309998,1203100,,1/3/2018,7017.069824,7069.149902,7016.700195,7065.529785,7065.529785,2166780000,,,,
1/4/2018,825.109985,825.570007,802.830017,808.01001,808.01001,1346500,,1/4/2018,7089.5,7098.049805,7072.379883,7077.910156,7077.910156,2098890000,,,,
1/5/2018,812.049988,828.039978,812.049988,828.030029,828.030029,1229200,,1/5/2018,7105.740234,7137.040039,7097.080078,7136.560059,7136.560059,2020900000,,,,
1/8/2018,836.070007,840.059998,829.280029,839.51001,839.51001,1229000,,1/8/2018,7135.379883,7161.350098,7124.089844,7157.390137,7157.390137,2051430000,,,,
1/9/2018,841.390015,843.559998,827.289978,829.98999,829.98999,1196000,,1/9/2018,7174.189941,7181.140137,7148.299805,7163.580078,7163.580078,0,,,,
1/10/2018,837.630005,841.25,820.890015,834.909973,834.909973,1104100,,1/10/2018,7129.830078,7154.240234,7111.52002,7153.569824,7153.569824,2122740000,,,,
1/11/2018,835.22998,852.51001,830.369995,852.51001,852.51001,1288800,,1/11/2018,7168.72998,7211.779785,7163.22998,7211.779785,7211.779785,2009740000,,,,
1/12/2018,863.070007,886.650024,857.330017,873.049988,873.049988,1180700,,1/12/2018,7208.169922,7265.259766,7205.180176,7261.060059,7261.060059,1976200000,,,,
1/16/2018,889.22998,901.22998,884.76001,901.22998,901.22998,1009400,x,1/16/2018,7307.189941,7330.330078,7205.930176,7223.689941,7223.689941,2377140000,,,,
1/17/2018,902.369995,905.950012,884.909973,886.580017,886.580017,1212000,,1/17/2018,7257.77002,7309.359863,7229.319824,7298.279785,7298.279785,2238070000,,,,
1/18/2018,892.5,899.849976,887.669983,898.190002,898.190002,1260200,,1/18/2018,7293.649902,7313.890137,7276.109863,7296.049805,7296.049805,2026220000,,,,
1/19/2018,902.849976,902.969971,875.429993,879.98999,879.98999,1164700,,1/19/2018,7312,7336.379883,7297.279785,7336.379883,7336.379883,1997270000,,,,
1/22/2018,875.950012,880.849976,864.380005,873.090027,873.090027,1126600,,1/22/2018,7338.040039,7408.029785,7332.810059,7408.029785,7408.029785,2106070000,,,,
1/23/2018,881.679993,894.429993,877.679993,894.429993,894.429993,1047300,,1/23/2018,7424.950195,7465.390137,7423.180176,7460.290039,7460.290039,2119840000,,,,
1/24/2018,901.619995,903.169983,891.030029,894.77002,894.77002,1011700,,1/24/2018,7474.160156,7486.319824,7376.75,7415.060059,7415.060059,2277010000,,,,
1/25/2018,894.210022,898.599976,887.969971,898.599976,898.599976,1025000,,1/25/2018,7457.950195,7458.529785,7388.580078,7411.160156,7411.160156,2061450000,,,,
1/26/2018,898.530029,913.119995,895.320007,913.119995,913.119995,1080200,,1/26/2018,7448.330078,7505.77002,7431.220215,7505.77002,7505.77002,2059010000,,,,
1/29/2018,914.26001,929.349976,914.219971,927.049988,927.049988,1279600,,1/29/2018,7484.470215,7500.609863,7455.549805,7466.509766,7466.509766,2103380000,,,,
1/30/2018,928.719971,932.01001,918.789978,920.960022,920.960022,1243800,,1/30/2018,7388.890137,7433.649902,7373.990234,7402.47998,7402.47998,2163980000,,,,
1/31/2018,910.890015,917.780029,903.52002,913.570007,913.570007,1195300,,1/31/2018,7443.25,7453.990234,7381.120117,7411.47998,7411.47998,2407540000,,,,
2/1/2018,916.780029,919.900024,901.349976,908.200012,908.200012,1407700,,2/1/2018,7377.169922,7441.089844,7362.279785,7385.859863,7385.859863,2291680000,,,,
2/2/2018,911.460022,911.77002,887.969971,899.469971,899.469971,1373000,,2/2/2018,7347.589844,7364.430176,7238.180176,7240.950195,7240.950195,2587770000,,,,
2/5/2018,876.630005,883.299988,858.219971,858.219971,858.219971,1043100,,2/5/2018,7165.959961,7277.359863,6967.529785,6967.529785,6967.529785,3106870000,,,,
2/6/2018,821.23999,858.73999,814.460022,858.169983,858.169983,1062700,,2/6/2018,6837.560059,7126.549805,6824.819824,7115.879883,7115.879883,3131030000,,,,
2/7/2018,874.75,875.030029,829.960022,829.960022,829.960022,1033300,,2/7/2018,7086.200195,7170.339844,7051.529785,7051.97998,7051.97998,2366970000,,,,
2/8/2018,834.890015,867.039978,824.640015,861.940002,861.940002,796300,,2/8/2018,7067.299805,7073.990234,6776.77002,6777.160156,6777.160156,2707700000,,,,
2/9/2018,832.130005,850.700012,832.130005,842.599976,842.599976,764400,,2/9/2018,6863.339844,6917.009766,6630.669922,6874.490234,6874.490234,3155990000,,,,
2/12/2018,854.090027,854.940002,843.23999,843.23999,843.23999,692300,,2/12/2018,6936.680176,7023.620117,6879.689941,6981.959961,6981.959961,2240420000,,,,
2/13/2018,852.940002,854.080017,829.390015,829.390015,829.390015,832900,,2/13/2018,6942.160156,7025.680176,6938.160156,7013.509766,7013.509766,1816670000,,,,
2/14/2018,835.599976,848.030029,830.780029,848.030029,848.030029,722700,,2/14/2018,6979.240234,7152.049805,6977.069824,7143.620117,7143.620117,2211460000,,,,
2/20/2018,873.98999,877.900024,861.5,864.409973,864.409973,797200,x,2/20/2018,7209.029785,7295.950195,7206,7234.310059,7234.310059,1911170000,,,,
2/21/2018,867.919983,877.690002,864.210022,875.580017,875.580017,814600,,2/21/2018,7258.47998,7338.640137,7218.109863,7218.22998,7218.22998,1946010000,,,,
2/22/2018,871.719971,873.47998,863.890015,870.219971,870.219971,857900,,2/22/2018,7252.459961,7280.930176,7194.839844,7210.089844,7210.089844,1911900000,,,,
2/23/2018,873.52002,875.72998,871.409973,874.780029,874.780029,770200,,2/23/2018,7261.350098,7337.830078,7232.5,7337.390137,7337.390137,1879460000,,,,
2/26/2018,881.359985,884.26001,869.659973,874.429993,874.429993,802100,,2/26/2018,7373.299805,7421.850098,7360.25,7421.459961,7421.459961,1866610000,,,,
2/27/2018,880.880005,882.039978,874,874.01001,874.01001,794500,,2/27/2018,7416.169922,7438.089844,7330.350098,7330.350098,7330.350098,2155850000,,,,
2/28/2018,866.5,868.530029,853.900024,857.059998,857.059998,820900,,2/28/2018,7371.410156,7386.799805,7273.009766,7273.009766,7273.009766,2373880000,,,,
3/2/2018,846.400024,861.080017,845.719971,860.22998,860.22998,768900,x,3/2/2018,7099.540039,7267.189941,7084.830078,7257.870117,7257.870117,2287320000,,,,
3/5/2018,862.409973,863.01001,845,845,845,747500,,3/5/2018,7222.890137,7350.069824,7205.310059,7330.709961,7330.709961,2066350000,,,,
3/6/2018,854.909973,859.210022,850.419983,859.210022,859.210022,828900,,3/6/2018,7366.609863,7378.029785,7319.680176,7372.009766,7372.009766,2112570000,,,,
3/7/2018,856.429993,861.409973,841.030029,841.030029,841.030029,947300,,3/7/2018,7311.740234,7403.790039,7311.740234,7396.649902,7396.649902,2192230000,,,,
3/8/2018,847.309998,855.799988,846.340027,853.940002,853.940002,891000,,3/8/2018,7422.77002,7435.009766,7391.5,7427.950195,7427.950195,2272110000,,,,
3/9/2018,857.799988,868.51001,857.469971,865.799988,865.799988,884800,,3/9/2018,7475.97998,7560.810059,7469.029785,7560.810059,7560.810059,2302930000,,,,
3/12/2018,874.150024,884.27002,873.26001,884.27002,884.27002,802300,,3/12/2018,7581.040039,7609.100098,7563.439941,7588.319824,7588.319824,2294440000,,,,
3/13/2018,884.539978,886.25,879.849976,886.25,886.25,1086500,,3/13/2018,7627.52002,7637.27002,7492.97998,7511.009766,7511.009766,2448830000,,,,
3/14/2018,882.390015,887.039978,880.919983,886.919983,886.919983,954400,,3/14/2018,7539.779785,7544.890137,7473.899902,7496.810059,7496.810059,2104450000,,,,
3/15/2018,886.97998,893.559998,883.700012,890.429993,890.429993,951000,,3/15/2018,7509.240234,7525.439941,7463.189941,7481.740234,7481.740234,1991570000,,,,
3/16/2018,893.23999,894.450012,889.400024,894.429993,894.429993,808500,,3/16/2018,7504.370117,7514.209961,7473.680176,7481.990234,7481.990234,3046990000,,,,
3/19/2018,894.400024,894.400024,880.969971,880.969971,880.969971,759600,,3/19/2018,7419.200195,7421.22998,7285.27002,7344.240234,7344.240234,2324430000,,,,
3/20/2018,876.609985,890.400024,875.390015,890.400024,890.400024,752100,,3/20/2018,7353.25,7380.740234,7331.240234,7364.299805,7364.299805,1967690000,,,,
3/21/2018,892.02002,895.719971,885.530029,885.549988,885.549988,865100,,3/21/2018,7347.5,7415.660156,7325.350098,7345.290039,7345.290039,1988390000,,,,
3/22/2018,889.210022,891.299988,869,871.619995,871.619995,1011500,,3/22/2018,7257.549805,7303.189941,7164.379883,7166.680176,7166.680176,2347160000,,,,
3/23/2018,851.700012,859.929993,829.669983,829.679993,829.679993,898200,,3/23/2018,7170.680176,7194.310059,6992.669922,6992.669922,6992.669922,2390410000,,,,
3/26/2018,833.109985,853.690002,822.960022,853.690002,853.690002,740200,,3/26/2018,7125.200195,7225.830078,7022.339844,7220.540039,7220.540039,2326060000,,,,
3/27/2018,862.400024,863.049988,856.559998,858.840027,858.840027,732200,,3/27/2018,7255.470215,7255.540039,6963.680176,7008.810059,7008.810059,2325990000,,,,
3/28/2018,850.049988,856.359985,843.599976,850.969971,850.969971,889800,,3/28/2018,6978.299805,7036.089844,6901.069824,6949.22998,6949.22998,2518670000,,,,
3/29/2018,855.820007,865.98999,854.609985,865.98999,865.98999,813000,,3/29/2018,6984.660156,7120.459961,6935.779785,7063.450195,7063.450195,2554500000,,,,
4/2/2018,876.849976,876.849976,865.830017,867.799988,867.799988,844100,x,4/2/2018,7016.169922,7044.709961,6805.959961,6870.120117,6870.120117,2394730000,,,,
4/3/2018,857.830017,872.320007,857.400024,872.320007,872.320007,722800,,4/3/2018,6924.350098,6963.709961,6835.22998,6941.279785,6941.279785,2328510000,,,,
4/4/2018,877.150024,877.150024,858.289978,862.51001,862.51001,821300,,4/4/2018,6811.77002,7059.290039,6811.77002,7042.109863,7042.109863,2254070000,,,,
4/5/2018,871.090027,873.640015,865.919983,868.929993,868.929993,846400,,4/5/2018,7099.25,7112.379883,7036.620117,7076.549805,7076.549805,2124660000,,,,
4/6/2018,867.429993,869.809998,863.919983,867.960022,867.960022,861800,,4/6/2018,6999.569824,7066.640137,6877.759766,6915.109863,6915.109863,2350540000,,,,
4/9/2018,866.75,874.440002,865.5,874.440002,874.440002,857700,,4/9/2018,6971.450195,7074.950195,6944.959961,6950.339844,6950.339844,2080900000,,,,
4/10/2018,876.219971,877.299988,866.73999,877.299988,877.299988,1012200,,4/10/2018,7060.990234,7117.97998,7014.879883,7094.299805,7094.299805,2238770000,,,,
4/11/2018,882.580017,886.140015,880.869995,885.380005,885.380005,886300,,4/11/2018,7055,7128.540039,7055,7069.029785,7069.029785,1852120000,,,,
4/12/2018,888.200012,889.02002,879.169983,881.450012,881.450012,998000,,4/12/2018,7112.02002,7166,7105.089844,7140.25,7140.25,2021110000,,,,
4/13/2018,884.119995,892.75,877.73999,891.869995,891.869995,1011500,,4/13/2018,7179.620117,7183.620117,7078.140137,7106.649902,7106.649902,1743640000,,,,
4/16/2018,895.320007,899.200012,894.090027,896.890015,896.890015,1017000,,4/16/2018,7153.870117,7178.509766,7115.850098,7156.279785,7156.279785,1795950000,,,,
4/17/2018,900.5,901.219971,896.830017,901.219971,901.219971,1309000,,4/17/2018,7215.120117,7298.589844,7206.549805,7281.100098,7281.100098,1913230000,,,,
4/18/2018,905.619995,906.059998,890.72998,893.320007,893.320007,1538000,,4/18/2018,7292.379883,7319.580078,7259.899902,7295.240234,7295.240234,1893220000,,,,
4/19/2018,892.200012,892.200012,878.190002,882.72998,882.72998,1681300,,4/19/2018,7258.609863,7277.450195,7215.169922,7238.060059,7238.060059,1963950000,,,,
4/20/2018,885.590027,892.01001,880.679993,889.169983,889.169983,1406700,,4/20/2018,7220.640137,7222.990234,7123.490234,7146.129883,7146.129883,1921790000,,,,
4/23/2018,888.390015,890.320007,877.359985,879.02002,879.02002,1408100,,4/23/2018,7173.990234,7195.720215,7094.430176,7128.600098,7128.600098,1737370000,,,,
4/24/2018,881.580017,883.780029,873.219971,873.609985,873.609985,1201400,,4/24/2018,7160.77002,7171.669922,6961.52002,7007.350098,7007.350098,2149250000,,,,
4/25/2018,869.309998,879,862.049988,869.929993,869.929993,1177700,,4/25/2018,7009.990234,7030.740234,6926.970215,7003.740234,7003.740234,2026690000,,,,
4/26/2018,876.27002,879.869995,874.210022,879.390015,879.390015,957400,,4/26/2018,7080.490234,7143.939941,7055.660156,7118.680176,7118.680176,2127140000,,,,
4/27/2018,886.369995,886.619995,880.030029,886.48999,886.48999,1114100,,4/27/2018,7195.52002,7197.149902,7083.950195,7119.799805,7119.799805,2027530000,,,,
4/30/2018,886.289978,886.599976,870.539978,875.950012,875.950012,1351100,,4/30/2018,7133.950195,7169.799805,7065.410156,7066.27002,7066.27002,1987020000,,,,
5/2/2018,869.52002,877.539978,863.590027,871.030029,871.030029,1357600,x,5/2/2018,7138.450195,7169.459961,7094.720215,7100.899902,7100.899902,2144200000,,,,
5/3/2018,873.340027,876.080017,866.049988,866.070007,866.070007,1354500,,5/3/2018,7065.029785,7112.589844,6991.140137,7088.149902,7088.149902,2345740000,,,,
5/4/2018,868.349976,870.099976,856.340027,856.340027,856.340027,1098000,,5/4/2018,7065.669922,7228.259766,7057.890137,7209.620117,7209.620117,2022230000,,,,
